Col0,Col1,Col2,Col3,Col4,Col5_HREF,Col6_SRC,Col7_SRC,Col8_SRC
OLED Assembly Without Frame Compatible For Samsung Galaxy S24 FE 5G (Refurbished) (All Colors),$79.92,-,+,Add to Cart,https://www.mobilesentrix.com/oled-assembly-without-frame-compatible-for-samsung-galaxy-s24-fe-5g-refurbished-all-colors,https://static.mobilesentrix.com/wysiwyg/Badges/REFURBISHED.png,https://static.mobilesentrix.com/catalog/product/small_image/1/7/1740418711-67bcae9763bd8.webp,https://static.mobilesentrix.com/wysiwyg/All-Colors.png
OLED Assembly With Frame Compatible For Samsung Galaxy S24 FE 5G (Refurbished) (US & International V...,$99.81,-,+,Add to Cart,https://www.mobilesentrix.com/oled-assembly-with-frame-compatible-for-samsung-galaxy-s24-fe-5g-refurbished-us-international-version-graphite,https://static.mobilesentrix.com/wysiwyg/Badges/REFURBISHED.png,https://static.mobilesentrix.com/catalog/product/small_image/1/7/1740418560-67bcae0080dc1.webp,https://static.mobilesentrix.com/wysiwyg/Color_Badges/Graphite_1.png
OLED Assembly With Frame Compatible For Samsung Galaxy S24 FE 5G (US & International Version) (Refur...,$99.81,-,+,Add to Cart,https://www.mobilesentrix.com/oled-assembly-with-frame-compatible-for-samsung-galaxy-s24-fe-5g-us-international-version-refurbished-gray,https://static.mobilesentrix.com/wysiwyg/Badges/REFURBISHED.png,https://static.mobilesentrix.com/catalog/product/small_image/1/7/1740418344-67bcad28bf4ce.webp,https://static.mobilesentrix.com/wysiwyg/Gray.png
Replacement Battery Compatible For Samsung Galaxy S24 FE (EB-BS721ABY),$6.67,,,Notify Me,https://www.mobilesentrix.com/replacement-battery-compatible-for-samsung-galaxy-s24-fe-eb-bs721aby,https://static.mobilesentrix.com/catalog/product/small_image/1/7/1733394936-675181f8df74e.webp,https://static.mobilesentrix.com/catalog/product/small_image/1/7/1733394936-675181f8df74e.webp,
Charging Port Board Compatible For Samsung Galaxy S24 FE 5G (S721R) (International Version) (Premium...,$12.21,-,+,Add to Cart,https://www.mobilesentrix.com/charging-port-board-compatible-for-samsung-galaxy-s24-fe-5g-s721r-international-version-premium,https://static.mobilesentrix.com/wysiwyg/PREMIUM_1_.png,https://static.mobilesentrix.com/catalog/product/small_image/1/7/1733993400-675aa3b8da1ab.webp,
Charging Port Board Compatible For Samsung Galaxy S24 FE 5G (S721U) (US Version) (Premium),$12.31,-,+,Add to Cart,https://www.mobilesentrix.com/charging-port-board-compatible-for-samsung-galaxy-s24-fe-5g-us-version-premium,https://static.mobilesentrix.com/wysiwyg/PREMIUM_1_.png,https://static.mobilesentrix.com/catalog/product/small_image/1/7/1733987876-675a8e24cc5fb.webp,
Charging Port Board Compatible For Samsung Galaxy S24 FE 5G (S721B) (International Version) (Premium...,$12.32,-,+,Add to Cart,https://www.mobilesentrix.com/charging-port-board-compatible-for-samsung-galaxy-s24-fe-5g-s731b-international-version-premium,https://static.mobilesentrix.com/wysiwyg/PREMIUM_1_.png,https://static.mobilesentrix.com/catalog/product/small_image/1/7/1740420530-67bcb5b2e2cdc.webp,
Charging Port Only Compatible For Samsung Galaxy S21 5G / S21 Plus 5G / S21 Ultra 5G / S21 FE 5G / S...,$3.13,-,+,Add to Cart,https://www.mobilesentrix.com/charging-port-only-compatible-for-samsung-galaxy-s21-5g-s21-plus-5g-s21-ultra-5g-s21-fe-5g-s22-5g-s22-plus-5g-s22-ultra-5g-s23-5g-s23-plus-5g-s23-ultra-5g-s24-5g-s24-plus-5g-s24u-5g-s24-fe-5g-10-pack,https://static.mobilesentrix.com/wysiwyg/10_pack.png,https://static.mobilesentrix.com/catalog/product/small_image/1/7/1743809663-67f06c7f5d40a.webp,
Fingerprint Sensor Flex Compatible For Samsung Galaxy S24 FE 5G,$1.48,-,+,Add to Cart,https://www.mobilesentrix.com/fingerprint-sensor-flex-compatible-for-samsung-galaxy-s24-fe-5g,https://static.mobilesentrix.com/catalog/product/small_image/1/7/1742263733-67d8d5b544b0a.webp,https://static.mobilesentrix.com/catalog/product/small_image/1/7/1742263733-67d8d5b544b0a.webp,
Wireless Charging Flex With Bracket Compatible For Samsung Galaxy S24 FE 5G,$13.04,-,+,Add to Cart,https://www.mobilesentrix.com/wireless-charging-flex-with-bracket-compatible-for-samsung-galaxy-s24-fe-5g,https://static.mobilesentrix.com/catalog/product/small_image/1/7/1740477371-67bd93bbd5f12.webp,https://static.mobilesentrix.com/catalog/product/small_image/1/7/1740477371-67bd93bbd5f12.webp,
Back Camera (Telephoto) Compatible For Samsung Galaxy S24 FE 5G (Premium),$15.25,-,+,Add to Cart,https://www.mobilesentrix.com/back-camera-telephoto-compatible-for-samsung-galaxy-s24-fe-5g-premium,https://static.mobilesentrix.com/wysiwyg/PREMIUM_1_.png,https://static.mobilesentrix.com/catalog/product/small_image/1/7/1740992742-67c570e6d0274.webp,
Loud Speaker Compatible For Samsung Galaxy S24 FE 5G (Premium),$0.90,-,+,Add to Cart,https://www.mobilesentrix.com/loud-speaker-compatible-for-samsung-galaxy-s24-fe-5g-premium,https://static.mobilesentrix.com/wysiwyg/PREMIUM_1_.png,https://static.mobilesentrix.com/catalog/product/small_image/1/7/1732040353-673cd6a1f3278.webp,
Power And Volume Button Flex Cable Compatible For Samsung Galaxy S24 FE 5G (Premium),$3.13,-,+,Add to Cart,https://www.mobilesentrix.com/power-and-volume-button-flex-cable-compatible-for-samsung-galaxy-s24-fe-5g-premium-231393,https://static.mobilesentrix.com/wysiwyg/PREMIUM_1_.png,https://static.mobilesentrix.com/catalog/product/small_image/1/7/1733823597-67580c6d0fdea.webp,
Mainboard Flex Cable Compatible For Samsung Galaxy S24 FE 5G,$2.55,-,+,Add to Cart,https://www.mobilesentrix.com/mainboard-flex-cable-compatible-for-samsung-galaxy-s24-fe-5g,https://static.mobilesentrix.com/catalog/product/small_image/1/7/1742549365-67dd31757b58d.webp,https://static.mobilesentrix.com/catalog/product/small_image/1/7/1742549365-67dd31757b58d.webp,
5G Antenna Flex Cable With Module Compatible For Samsung Galaxy S24 FE 5G,$10.96,-,+,Add to Cart,https://www.mobilesentrix.com/5g-antenna-flex-cable-with-module-compatible-for-samsung-galaxy-s24-fe-5g,https://static.mobilesentrix.com/catalog/product/small_image/1/7/1742974755-67e3af2377a4b.webp,https://static.mobilesentrix.com/catalog/product/small_image/1/7/1742974755-67e3af2377a4b.webp,
Back Camera Lens (Glass Only) With Adhesive Compatible For Samsung Galaxy S24 FE 5G (3 Piece Set),$1.04,-,+,Add to Cart,https://www.mobilesentrix.com/back-camera-lens-glass-only-with-adhesive-compatible-for-samsung-galaxy-s24-fe-5g-3-piece-set,https://static.mobilesentrix.com/catalog/product/small_image/1/7/1738786052-67a3c5048ee7a.webp,https://static.mobilesentrix.com/catalog/product/small_image/1/7/1738786052-67a3c5048ee7a.webp,
Back Camera Lens With Cover Bezel Ring Compatible For Samsung Galaxy S24 FE 5G (White),$1.46,-,+,Add to Cart,https://www.mobilesentrix.com/back-camera-lens-with-cover-bezel-ring-compatible-for-samsung-galaxy-s24-fe-5g-white,https://static.mobilesentrix.com/catalog/product/small_image/1/7/1738785887-67a3c45fdc4be.webp,https://static.mobilesentrix.com/catalog/product/small_image/1/7/1738785887-67a3c45fdc4be.webp,https://static.mobilesentrix.com/wysiwyg/Color_Badges/White.png
Back Camera Lens With Cover Bezel Ring Compatible For Samsung Galaxy S24 FE 5G (Graphite),$1.48,,,Notify Me,https://www.mobilesentrix.com/back-camera-lens-with-cover-bezel-ring-compatible-for-samsung-galaxy-s24-fe-5g-graphite,https://static.mobilesentrix.com/catalog/product/small_image/1/7/1738785991-67a3c4c7daef4.webp,https://static.mobilesentrix.com/catalog/product/small_image/1/7/1738785991-67a3c4c7daef4.webp,
Mid-Frame Housing Compatible For Samsung Galaxy S24 FE 5G (US & International Version) (Graphite),$22.67,-,+,Add to Cart,https://www.mobilesentrix.com/mid-frame-housing-compatible-for-samsung-galaxy-s24-fe-5g-us-international-version-graphite,https://static.mobilesentrix.com/catalog/product/small_image/1/7/1736241065-677cefa914f36.webp,https://static.mobilesentrix.com/catalog/product/small_image/1/7/1736241065-677cefa914f36.webp,https://static.mobilesentrix.com/wysiwyg/Color_Badges/Graphite_1.png
Mid-Frame Housing Compatible For Samsung Galaxy S24 FE 5G (US & International Version) (Gray / Blue ...,$22.67,-,+,Add to Cart,https://www.mobilesentrix.com/mid-frame-housing-compatible-for-samsung-galaxy-s24-fe-5g-us-international-version-gray,https://static.mobilesentrix.com/catalog/product/small_image/1/7/1736241607-677cf1c790ecb.webp,https://static.mobilesentrix.com/catalog/product/small_image/1/7/1736241607-677cf1c790ecb.webp,https://static.mobilesentrix.com/wysiwyg/Gray.png
Antenna Connecting Cable Compatible For Samsung Galaxy S24 FE 5G (Premium),$2.51,-,+,Add to Cart,https://www.mobilesentrix.com/antenna-connecting-cable-compatible-for-samsung-galaxy-s24-fe-5g-premium,https://static.mobilesentrix.com/wysiwyg/PREMIUM_1_.png,https://static.mobilesentrix.com/catalog/product/small_image/1/7/1731696766-6737987e0fa99.webp,
Hard Buttons (Power / Volume) Compatible For Samsung Galaxy S24 FE 5G  (Premium)(Graphite),$0.92,-,+,Add to Cart,https://www.mobilesentrix.com/hard-buttons-power-volume-compatible-for-samsung-galaxy-s24-fe-5g-premium-graphite,https://static.mobilesentrix.com/wysiwyg/PREMIUM_1_.png,https://static.mobilesentrix.com/catalog/product/small_image/1/7/1733822160-675806d05f06b.webp,https://static.mobilesentrix.com/wysiwyg/Color_Badges/Graphite_1.png
Hard Buttons (Power / Volume) Compatible For Samsung Galaxy S24 FE 5G (Premium) (Gray),$0.92,-,+,Add to Cart,https://www.mobilesentrix.com/hard-buttons-power-volume-compatible-for-samsung-galaxy-s24-fe-5g-premium-gray,https://static.mobilesentrix.com/wysiwyg/PREMIUM_1_.png,https://static.mobilesentrix.com/catalog/product/small_image/1/7/1733816000-6757eec099471.webp,https://static.mobilesentrix.com/wysiwyg/Gray.png
Single Sim Card Tray Compatible For Samsung Galaxy S24 FE 5G  (Premium) (Gray),$0.74,-,+,Add to Cart,https://www.mobilesentrix.com/single-sim-card-tray-compatible-for-samsung-galaxy-s24-fe-5g-premium-white,https://static.mobilesentrix.com/wysiwyg/PREMIUM_1_.png,https://static.mobilesentrix.com/catalog/product/small_image/1/7/1733970831-675a4b8f68cd8.webp,https://static.mobilesentrix.com/wysiwyg/Gray.png
Single Sim Card Tray Compatible For Samsung Galaxy S24 FE 5G  (Premium) (Graphite),$0.74,-,+,Add to Cart,https://www.mobilesentrix.com/single-sim-card-tray-compatible-for-samsung-galaxy-s24-fe-5g-premium-graphite,https://static.mobilesentrix.com/wysiwyg/PREMIUM_1_.png,https://static.mobilesentrix.com/catalog/product/small_image/1/7/1733970504-675a4a48f0df6.webp,https://static.mobilesentrix.com/wysiwyg/Color_Badges/Graphite_1.png
Dual Sim Card Tray Compatible For Samsung Galaxy S24 FE 5G (Premium) (Gray),$1.04,-,+,Add to Cart,https://www.mobilesentrix.com/dual-sim-card-tray-compatible-for-samsung-galaxy-s24-fe-5g-premium-gray,https://static.mobilesentrix.com/wysiwyg/PREMIUM_1_.png,https://static.mobilesentrix.com/catalog/product/small_image/1/7/1729950924-671cf4cc52312.webp,https://static.mobilesentrix.com/wysiwyg/Gray.png
Dual Sim Card Tray Compatible For Samsung Galaxy S24 FE 5G (Premium) (Graphite),$1.04,-,+,Add to Cart,https://www.mobilesentrix.com/dual-sim-card-tray-compatible-for-samsung-galaxy-s24-fe-5g-premium-graphite,https://static.mobilesentrix.com/wysiwyg/PREMIUM_1_.png,https://static.mobilesentrix.com/catalog/product/small_image/1/7/1729951113-671cf589aa461.webp,https://static.mobilesentrix.com/wysiwyg/Color_Badges/Graphite_1.png
Casper Pro Tempered Glass Compatible For Samsung Galaxy A36 5G / S24 FE 5G (Case Friendly) (Retail P...,,,,View Price,https://www.mobilesentrix.com/casper-pro-tempered-glass-compatible-for-samsung-galaxy-a36-5g-s24-fe-5g-case-friendly-retail-pack,https://static.mobilesentrix.com/wysiwyg/RETAIL_PACK_BADGE.png,https://static.mobilesentrix.com/catalog/product/small_image/1/7/1731620392-67366e2865e4c.webp,
